<?xml version="1.0" encoding="UTF-8"?>
<SynColorConfig version="2.0">
   <AutoConfigure graphicsMonitor="false" />
   <TransformsHome dir="F:/Program Files/Autodesk/Maya2018/synColor" />
   <SharedHome dir="C:/Users/Shawn Wang/Documents/maya/synColor/Shared/" />
   <ReferenceTable>
      <Ref alias="OutputToSceneBridge" path="primaries/CIE-XYZ_to_ACES.ctf" basePath="Autodesk" />
      <Ref alias="SceneToOutputBridge" path="primaries/ACES_to_CIE-XYZ.ctf" basePath="Autodesk" />
      <Ref alias="broadcastMonitor" path="display/broadcast/CIE-XYZ_to_HD-video.ctf" basePath="Autodesk" />
      <Ref alias="defaultGamutMap" path="misc/identity.ctf" basePath="Autodesk" />
      <Ref alias="defaultLook" path="misc/identity.ctf" basePath="Autodesk" />
      <Ref alias="graphicsMonitor" path="interchange/sRGB/CIE-XYZ_to_sRGB.ctf" basePath="Autodesk" />
   </ReferenceTable>
</SynColorConfig>
