{
    "linkedMenu": "riggingMenuSet",
    "autoSave": true,
    "selectedShelf": "Rigging",
    "panels": [
        {
            "mainWindowPanel": true,
            "splitter": {
                "orientation": "vertical",
                "children": [
                    {
                        "tabWidget": {
                            "selectedIndex": 0,
                            "controlWidth": 1916,
                            "controlHeight": 22,
                            "collapsed": false,
                            "controls": [
                                {
                                    "objectName": "StatusLine",
                                    "title": "Status Line",
                                    "uiScript": "global string $gStatusLineForm; formLayout $gStatusLineForm;",
                                    "retain": true,
                                    "loadImmediately": true,
                                    "checkPlugins": false,
                                    "tabDirection": 0,
                                    "closed": false,
                                    "widthProperty": "free",
                                    "heightProperty": "fixed",
                                    "controlWidth": 1916,
                                    "controlHeight": 22
                                }
                            ]
                        }
                    },
                    {
                        "tabWidget": {
                            "selectedIndex": 0,
                            "controlWidth": 1916,
                            "controlHeight": 63,
                            "collapsed": false,
                            "controls": [
                                {
                                    "objectName": "Shelf",
                                    "title": "Shelf",
                                    "uiScript": "global string $gShelfForm; formLayout $gShelfForm;",
                                    "retain": true,
                                    "loadImmediately": true,
                                    "checkPlugins": false,
                                    "tabDirection": 0,
                                    "closed": false,
                                    "widthProperty": "free",
                                    "heightProperty": "fixed",
                                    "controlWidth": 1916,
                                    "controlHeight": 63,
                                    "initCallback": "updateShelfInitialHeight"
                                }
                            ]
                        }
                    },
                    {
                        "splitter": {
                            "orientation": "horizontal",
                            "children": [
                                {
                                    "tabWidget": {
                                        "selectedIndex": 0,
                                        "controlWidth": 40,
                                        "controlHeight": 798,
                                        "collapsed": false,
                                        "controls": [
                                            {
                                                "objectName": "ToolBox",
                                                "title": "Tool Box",
                                                "uiScript": "global string $gToolboxForm; formLayout $gToolboxForm;",
                                                "retain": true,
                                                "loadImmediately": true,
                                                "checkPlugins": false,
                                                "tabDirection": 0,
                                                "closed": false,
                                                "widthProperty": "fixed",
                                                "heightProperty": "free",
                                                "controlWidth": 40,
                                                "controlHeight": 798
                                            }
                                        ]
                                    }
                                },
                                {
                                    "tabWidget": {
                                        "selectedIndex": 0,
                                        "controlWidth": 260,
                                        "controlHeight": 781,
                                        "collapsed": false,
                                        "controls": [
                                            {
                                                "objectName": "Outliner",
                                                "title": "Outliner",
                                                "uiScript": "outlinerPanel -menuBarVisible true -label panelLabel Outliner",
                                                "retain": true,
                                                "loadImmediately": true,
                                                "checkPlugins": false,
                                                "tabDirection": 0,
                                                "closed": false,
                                                "widthProperty": "preferred",
                                                "heightProperty": "free",
                                                "controlWidth": 260,
                                                "controlHeight": 781,
                                                "initCallback": "outlinerStateCallback",
                                                "stateString": "outlinerEditor -e -showShapes 0 -showAssignedMaterials 0 -showTimeEditor 1 -showReferenceNodes 0 -showReferenceMembers 0 -showAttributes 0 -showConnected 0 -showAnimCurvesOnly 0 -showMuteInfo 0 -organizeByLayer 1 -organizeByClip 1 -showAnimLayerWeight 1 -autoExpandLayers 1 -autoExpand 0 -showDagOnly 1 -showAssets 1 -showContainedOnly 1 -showPublishedAsConnected 0 -showParentContainers 0 -showContainerContents 1 -ignoreDagHierarchy 0 -expandConnections 0 -showUpstreamCurves 1 -showUnitlessCurves 1 -showCompounds 1 -showLeafs 1 -showNumericAttrsOnly 0 -highlightActive 1 -autoSelectNewObjects 0 -doNotSelectNewObjects 0 -dropIsParent 1 -transmitFilters 0 -setFilter \"defaultSetFilter\" -showSetMembers 1 -allowMultiSelection 1 -alwaysToggleSelect 0 -directSelect 0 -isSet 0 -isSetMember 0 -displayMode \"DAG\" -expandObjects 0 -setsIgnoreFilters 1 -containersIgnoreFilters 0 -editAttrName 0 -showAttrValues 0 -highlightSecondary 0 -showUVAttrsOnly 0 -showTextureNodesOnly 0 -attrAlphaOrder \"default\" -animLayerFilterOptions \"allAffecting\" -sortOrder \"none\" -longNames 0 -niceNames 1 -showNamespace 1 -showPinIcons 0 -mapMotionTrails 0 -ignoreHiddenAttribute 0 -ignoreOutlinerColor 0 -renderFilterVisible 0 -renderFilterIndex 0 -selectionOrder \"chronological\" -expandAttribute 0 $editorName"
                                            }
                                        ]
                                    }
                                },
                                {
                                    "splitter": {
                                        "orientation": "vertical",
                                        "children": [
                                            {
                                                "tabWidget": {
                                                    "selectedIndex": 0,
                                                    "controlWidth": 1323,
                                                    "controlHeight": 466,
                                                    "collapsed": false,
                                                    "controls": [
                                                        {
                                                            "objectName": "MainPane",
                                                            "title": "viewPanes",
                                                            "uiScript": "global string $gMainPane; paneLayout -nbg 0 $gMainPane;",
                                                            "retain": true,
                                                            "loadImmediately": true,
                                                            "checkPlugins": false,
                                                            "tabDirection": 0,
                                                            "closed": false,
                                                            "widthProperty": "free",
                                                            "heightProperty": "free",
                                                            "controlWidth": 1323,
                                                            "controlHeight": 466,
                                                            "initCallback": "mainPaneStateCallback",
                                                            "stateString": "global string $gMainPane; paneLayout -edit -configuration single $gMainPane;if(`modelPanel -exists modelPanel4`){ modelPanel -edit -parent $gMainPane modelPanel4; paneLayout -edit -setPane modelPanel4 1 $gMainPane;}"
                                                        }
                                                    ]
                                                }
                                            },
                                            {
                                                "tabWidget": {
                                                    "selectedIndex": 0,
                                                    "controlWidth": 1308,
                                                    "controlHeight": 326,
                                                    "collapsed": false,
                                                    "controls": [
                                                        {
                                                            "objectName": "nodeEditorPanel1Window",
                                                            "title": "Node Editor",
                                                            "uiScript": "if(!`panel -q -exists nodeEditorPanel1`) {\n\tint $menusOkayInPanels = `optionVar -q allowMenusInPanels`;\n\tstring $panelName = \"nodeEditorPanel1\";\n\tscriptedPanel -unParent  -type \"nodeEditorPanel\" -l (localizedPanelLabel(\"Node Editor\")) -mbv $menusOkayInPanels  nodeEditorPanel1;\n\n\t\t\t$editorName = ($panelName+\"NodeEditorEd\");\n            nodeEditor -e \n                -allAttributes 0\n                -allNodes 0\n                -autoSizeNodes 1\n                -consistentNameSize 1\n                -createNodeCommand \"nodeEdCreateNodeCommand\" \n                -defaultPinnedState 0\n                -additiveGraphingMode 0\n                -settingsChangedCallback \"nodeEdSyncControls\" \n                -traversalDepthLimit -1\n                -keyPressCommand \"nodeEdKeyPressCommand\" \n                -nodeTitleMode \"name\" \n                -gridSnap 0\n                -gridVisibility 1\n                -popupMenuScript \"nodeEdBuildPanelMenus\" \n                -showNamespace 1\n                -showShapes 1\n                -showSGShapes 0\n                -showTransforms 1\n                -useAssets 1\n                -syncedSelection 1\n                -extendToShapes 1\n                -activeTab -1\n                -editorMode \"default\" \n                $editorName;\n} else {\n\tscriptedPanel -e -unParent nodeEditorPanel1;\n}\nscriptedPanel -e -parent nodeEditorPanel1Window nodeEditorPanel1;\n",
                                                            "retain": false,
                                                            "loadImmediately": false,
                                                            "checkPlugins": false,
                                                            "tabDirection": 2,
                                                            "closed": false,
                                                            "widthProperty": "free",
                                                            "heightProperty": "free",
                                                            "controlWidth": 1308,
                                                            "controlHeight": 326
                                                        },
                                                        {
                                                            "objectName": "shapePanel1Window",
                                                            "title": "Shape Editor",
                                                            "uiScript": "if(!`panel -q -exists shapePanel1`) {\n\tint $menusOkayInPanels = `optionVar -q allowMenusInPanels`;\n\tstring $panelName = \"shapePanel1\";\n\tshapePanel -unParent -l (localizedPanelLabel(\"Shape Editor\")) -mbv $menusOkayInPanels  shapePanel1;\n} else {\n\tshapePanel -e -unParent shapePanel1;\n}\nshapePanel -e -parent shapePanel1Window shapePanel1;\n",
                                                            "retain": false,
                                                            "loadImmediately": false,
                                                            "checkPlugins": false,
                                                            "tabDirection": 2,
                                                            "closed": false,
                                                            "widthProperty": "free",
                                                            "heightProperty": "free",
                                                            "controlWidth": 1313,
                                                            "controlHeight": 373
                                                        }
                                                    ]
                                                }
                                            }
                                        ]
                                    }
                                },
                                {
                                    "tabWidget": {
                                        "selectedIndex": 0,
                                        "controlWidth": 260,
                                        "controlHeight": 798,
                                        "collapsed": false,
                                        "controls": [
                                            {
                                                "objectName": "ChannelBoxLayerEditor",
                                                "title": "Channel Box / Layer Editor",
                                                "uiScript": "global string $gChannelsLayersForm; formLayout $gChannelsLayersForm;",
                                                "retain": true,
                                                "loadImmediately": true,
                                                "checkPlugins": false,
                                                "tabDirection": 3,
                                                "closed": false,
                                                "widthProperty": "preferred",
                                                "heightProperty": "free",
                                                "controlWidth": 260,
                                                "controlHeight": 798
                                            },
                                            {
                                                "objectName": "ToolSettings",
                                                "title": "Tool Settings",
                                                "uiScript": "global string $gToolSettingsForm; formLayout $gToolSettingsForm;",
                                                "retain": true,
                                                "loadImmediately": true,
                                                "checkPlugins": false,
                                                "tabDirection": 3,
                                                "closed": false,
                                                "widthProperty": "preferred",
                                                "heightProperty": "free",
                                                "controlWidth": 260,
                                                "controlHeight": 914
                                            }
                                        ]
                                    }
                                }
                            ]
                        }
                    },
                    {
                        "tabWidget": {
                            "selectedIndex": 0,
                            "controlWidth": 1916,
                            "controlHeight": 31,
                            "collapsed": false,
                            "controls": [
                                {
                                    "objectName": "TimeSlider",
                                    "title": "Time Slider",
                                    "uiScript": "global string $gTimeSliderForm; formLayout $gTimeSliderForm;",
                                    "retain": true,
                                    "loadImmediately": true,
                                    "checkPlugins": false,
                                    "tabDirection": 0,
                                    "closed": false,
                                    "widthProperty": "free",
                                    "heightProperty": "fixed",
                                    "controlWidth": 1916,
                                    "controlHeight": 31
                                }
                            ]
                        }
                    },
                    {
                        "tabWidget": {
                            "selectedIndex": 0,
                            "controlWidth": 1916,
                            "controlHeight": 30,
                            "collapsed": false,
                            "controls": [
                                {
                                    "objectName": "RangeSlider",
                                    "title": "Range Slider",
                                    "uiScript": "global string $gPlaybackRangeForm; formLayout $gPlaybackRangeForm;",
                                    "retain": true,
                                    "loadImmediately": true,
                                    "checkPlugins": false,
                                    "tabDirection": 0,
                                    "closed": false,
                                    "widthProperty": "free",
                                    "heightProperty": "fixed",
                                    "controlWidth": 1916,
                                    "controlHeight": 30
                                }
                            ]
                        }
                    },
                    {
                        "tabWidget": {
                            "selectedIndex": 0,
                            "controlWidth": 1916,
                            "controlHeight": 27,
                            "collapsed": false,
                            "controls": [
                                {
                                    "objectName": "CommandLine",
                                    "title": "Command Line",
                                    "uiScript": "global string $gCommandLineForm; formLayout $gCommandLineForm;",
                                    "retain": true,
                                    "loadImmediately": true,
                                    "checkPlugins": false,
                                    "tabDirection": 0,
                                    "closed": false,
                                    "widthProperty": "free",
                                    "heightProperty": "fixed",
                                    "controlWidth": 1916,
                                    "controlHeight": 27
                                }
                            ]
                        }
                    },
                    {
                        "tabWidget": {
                            "selectedIndex": 0,
                            "controlWidth": 1916,
                            "controlHeight": 19,
                            "collapsed": false,
                            "controls": [
                                {
                                    "objectName": "HelpLine",
                                    "title": "Help Line",
                                    "uiScript": "global string $gHelpLineForm; formLayout $gHelpLineForm;",
                                    "retain": true,
                                    "loadImmediately": true,
                                    "checkPlugins": false,
                                    "tabDirection": 0,
                                    "closed": false,
                                    "widthProperty": "free",
                                    "heightProperty": "fixed",
                                    "controlWidth": 1916,
                                    "controlHeight": 19
                                }
                            ]
                        }
                    }
                ]
            }
        }
    ]
}