{
    "linkedMenu": "modelingMenuSet",
    "linkedHotkey": "Maya_Shawn",
    "autoSave": true,
    "selectedShelf": "Custom",
    "panels": [
        {
            "mainWindowPanel": true,
            "splitter": {
                "orientation": "vertical",
                "children": [
                    {
                        "tabWidget": {
                            "selectedIndex": 0,
                            "controlWidth": 1916,
                            "controlHeight": 23,
                            "collapsed": false,
                            "controls": [
                                {
                                    "objectName": "StatusLine",
                                    "title": "Status Line",
                                    "uiScript": "global string $gStatusLineForm; formLayout $gStatusLineForm;",
                                    "retain": true,
                                    "loadImmediately": true,
                                    "checkPlugins": false,
                                    "tabDirection": 0,
                                    "closed": false,
                                    "widthProperty": "free",
                                    "heightProperty": "fixed",
                                    "controlWidth": 1916,
                                    "controlHeight": 23
                                }
                            ]
                        }
                    },
                    {
                        "tabWidget": {
                            "selectedIndex": 0,
                            "controlWidth": 1916,
                            "controlHeight": 64,
                            "collapsed": false,
                            "controls": [
                                {
                                    "objectName": "Shelf",
                                    "title": "Shelf",
                                    "uiScript": "global string $gShelfForm; formLayout $gShelfForm;",
                                    "retain": true,
                                    "loadImmediately": true,
                                    "checkPlugins": false,
                                    "tabDirection": 0,
                                    "closed": false,
                                    "widthProperty": "free",
                                    "heightProperty": "fixed",
                                    "controlWidth": 1916,
                                    "controlHeight": 64,
                                    "initCallback": "shelfInitCallback"
                                }
                            ]
                        }
                    },
                    {
                        "splitter": {
                            "orientation": "horizontal",
                            "children": [
                                {
                                    "tabWidget": {
                                        "selectedIndex": 0,
                                        "controlWidth": 40,
                                        "controlHeight": 912,
                                        "collapsed": false,
                                        "controls": [
                                            {
                                                "objectName": "ToolBox",
                                                "title": "Tool Box",
                                                "uiScript": "global string $gToolboxForm; formLayout $gToolboxForm;",
                                                "retain": true,
                                                "loadImmediately": true,
                                                "checkPlugins": false,
                                                "tabDirection": 0,
                                                "closed": false,
                                                "widthProperty": "fixed",
                                                "heightProperty": "free",
                                                "controlWidth": 40,
                                                "controlHeight": 912
                                            }
                                        ]
                                    }
                                },
                                {
                                    "tabWidget": {
                                        "selectedIndex": 0,
                                        "controlWidth": 258,
                                        "controlHeight": 895,
                                        "controls": [
                                            {
                                                "objectName": "OxHairStackDialogContainer",
                                                "title": "Ornatrix Operators Stack",
                                                "uiScript": "OxShowHairStackDialog -ui",
                                                "retain": false,
                                                "loadImmediately": false,
                                                "checkPlugins": false,
                                                "tabDirection": 0,
                                                "closed": true,
                                                "widthProperty": "free",
                                                "heightProperty": "free",
                                                "controlWidth": 258,
                                                "controlHeight": 895,
                                                "requiredPlugins": [
                                                    "Ornatrix"
                                                ]
                                            }
                                        ]
                                    }
                                },
                                {
                                    "tabWidget": {
                                        "selectedIndex": 0,
                                        "controlWidth": 260,
                                        "controlHeight": 895,
                                        "collapsed": false,
                                        "controls": [
                                            {
                                                "objectName": "Outliner",
                                                "title": "Outliner",
                                                "uiScript": "outlinerPanel -menuBarVisible true -label panelLabel Outliner",
                                                "retain": true,
                                                "loadImmediately": true,
                                                "checkPlugins": false,
                                                "tabDirection": 0,
                                                "closed": false,
                                                "widthProperty": "preferred",
                                                "heightProperty": "free",
                                                "controlWidth": 260,
                                                "controlHeight": 895,
                                                "initCallback": "outlinerStateCallback",
                                                "stateString": "outlinerEditor -e -showShapes 0 -showAssignedMaterials 0 -showTimeEditor 1 -showReferenceNodes 0 -showReferenceMembers 0 -showAttributes 0 -showConnected 0 -showAnimCurvesOnly 0 -showMuteInfo 0 -organizeByLayer 1 -organizeByClip 1 -showAnimLayerWeight 1 -autoExpandLayers 1 -autoExpand 0 -showDagOnly 1 -showAssets 1 -showContainedOnly 1 -showPublishedAsConnected 0 -showParentContainers 0 -showContainerContents 1 -ignoreDagHierarchy 0 -expandConnections 0 -showUpstreamCurves 1 -showUnitlessCurves 1 -showCompounds 1 -showLeafs 1 -showNumericAttrsOnly 0 -highlightActive 1 -autoSelectNewObjects 0 -doNotSelectNewObjects 0 -dropIsParent 1 -transmitFilters 0 -setFilter \"defaultSetFilter\" -showSetMembers 1 -allowMultiSelection 1 -alwaysToggleSelect 0 -directSelect 0 -isSet 0 -isSetMember 0 -displayMode \"DAG\" -expandObjects 0 -setsIgnoreFilters 1 -containersIgnoreFilters 0 -editAttrName 0 -showAttrValues 0 -highlightSecondary 0 -showUVAttrsOnly 0 -showTextureNodesOnly 0 -attrAlphaOrder \"default\" -animLayerFilterOptions \"allAffecting\" -sortOrder \"none\" -longNames 0 -niceNames 1 -showNamespace 1 -showPinIcons 0 -mapMotionTrails 0 -ignoreHiddenAttribute 0 -ignoreOutlinerColor 0 -renderFilterVisible 0 -renderFilterIndex 0 -selectionOrder \"chronological\" -expandAttribute 0 $editorName"
                                            },
                                            {
                                                "objectName": "ToolSettings",
                                                "title": "Tool Settings",
                                                "uiScript": "global string $gToolSettingsForm; formLayout $gToolSettingsForm;",
                                                "retain": true,
                                                "loadImmediately": true,
                                                "checkPlugins": false,
                                                "tabDirection": 0,
                                                "closed": false,
                                                "widthProperty": "preferred",
                                                "heightProperty": "free",
                                                "controlWidth": 460,
                                                "controlHeight": 895
                                            }
                                        ]
                                    }
                                },
                                {
                                    "tabWidget": {
                                        "selectedIndex": 0,
                                        "controlWidth": 1323,
                                        "controlHeight": 912,
                                        "collapsed": false,
                                        "controls": [
                                            {
                                                "objectName": "MainPane",
                                                "title": "viewPanes",
                                                "uiScript": "global string $gMainPane; paneLayout -nbg 0 $gMainPane;",
                                                "retain": true,
                                                "loadImmediately": true,
                                                "checkPlugins": false,
                                                "tabDirection": 0,
                                                "closed": false,
                                                "widthProperty": "free",
                                                "heightProperty": "free",
                                                "controlWidth": 1323,
                                                "controlHeight": 912,
                                                "initCallback": "mainPaneStateCallback",
                                                "stateString": "global string $gMainPane; paneLayout -edit -configuration single $gMainPane;if(`modelPanel -exists modelPanel4`){ modelPanel -edit -parent $gMainPane modelPanel4; paneLayout -edit -setPane modelPanel4 1 $gMainPane;}"
                                            }
                                        ]
                                    }
                                },
                                {
                                    "tabWidget": {
                                        "selectedIndex": 1,
                                        "controlWidth": 260,
                                        "controlHeight": 912,
                                        "collapsed": false,
                                        "controls": [
                                            {
                                                "objectName": "ChannelBoxLayerEditor",
                                                "title": "Channel Box / Layer Editor",
                                                "uiScript": "global string $gChannelsLayersForm; formLayout $gChannelsLayersForm;",
                                                "retain": true,
                                                "loadImmediately": true,
                                                "checkPlugins": false,
                                                "tabDirection": 3,
                                                "closed": false,
                                                "widthProperty": "preferred",
                                                "heightProperty": "free",
                                                "controlWidth": 271,
                                                "controlHeight": 912
                                            },
                                            {
                                                "objectName": "NEXDockControl",
                                                "title": "Modeling Toolkit",
                                                "uiScript": "dR_createNEXDockControl();",
                                                "retain": true,
                                                "loadImmediately": true,
                                                "checkPlugins": false,
                                                "tabDirection": 3,
                                                "closed": false,
                                                "widthProperty": "preferred",
                                                "heightProperty": "free",
                                                "controlWidth": 260,
                                                "controlHeight": 912,
                                                "requiredPlugins": [
                                                    "modelingToolkit"
                                                ]
                                            },
                                            {
                                                "objectName": "AttributeEditor",
                                                "title": "Attribute Editor",
                                                "uiScript": "global string $gAttributeEditorForm; formLayout $gAttributeEditorForm;",
                                                "retain": true,
                                                "loadImmediately": true,
                                                "checkPlugins": false,
                                                "tabDirection": 3,
                                                "closed": false,
                                                "widthProperty": "preferred",
                                                "heightProperty": "free",
                                                "controlWidth": 460,
                                                "controlHeight": 912
                                            },
                                            {
                                                "objectName": "SHAPESWorkspaceControl",
                                                "title": "SHAPES",
                                                "uiScript": "shapesUI_buildUI SHAPESWorkspaceControl",
                                                "retain": false,
                                                "loadImmediately": false,
                                                "checkPlugins": false,
                                                "tabDirection": 3,
                                                "closed": true,
                                                "widthProperty": "free",
                                                "heightProperty": "free",
                                                "controlWidth": 546,
                                                "controlHeight": 912,
                                                "requiredPlugins": [
                                                    "SHAPESTools"
                                                ]
                                            },
                                            {
                                                "objectName": "hikCharacterControlsDock",
                                                "title": "Human IK",
                                                "uiScript": "hikBuildCharacterControlsDockableWindow();",
                                                "retain": false,
                                                "loadImmediately": true,
                                                "checkPlugins": false,
                                                "tabDirection": 3,
                                                "closed": true,
                                                "widthProperty": "free",
                                                "heightProperty": "free",
                                                "controlWidth": 282,
                                                "controlHeight": 792,
                                                "requiredPlugins": [
                                                    "mayaHIK",
                                                    "mayaCharacterization"
                                                ]
                                            }
                                        ]
                                    }
                                }
                            ]
                        }
                    },
                    {
                        "tabWidget": {
                            "selectedIndex": 0,
                            "controlWidth": 1916,
                            "controlHeight": 32,
                            "collapsed": false,
                            "controls": [
                                {
                                    "objectName": "TimeSlider",
                                    "title": "Time Slider",
                                    "uiScript": "global string $gTimeSliderForm; formLayout $gTimeSliderForm;",
                                    "retain": true,
                                    "loadImmediately": true,
                                    "checkPlugins": false,
                                    "tabDirection": 0,
                                    "closed": false,
                                    "widthProperty": "free",
                                    "heightProperty": "fixed",
                                    "controlWidth": 1916,
                                    "controlHeight": 32
                                }
                            ]
                        }
                    },
                    {
                        "tabWidget": {
                            "selectedIndex": 0,
                            "controlWidth": 1916,
                            "controlHeight": 31,
                            "collapsed": false,
                            "controls": [
                                {
                                    "objectName": "RangeSlider",
                                    "title": "Range Slider",
                                    "uiScript": "global string $gPlaybackRangeForm; formLayout $gPlaybackRangeForm;",
                                    "retain": true,
                                    "loadImmediately": true,
                                    "checkPlugins": false,
                                    "tabDirection": 0,
                                    "closed": false,
                                    "widthProperty": "free",
                                    "heightProperty": "fixed",
                                    "controlWidth": 1916,
                                    "controlHeight": 31
                                }
                            ]
                        }
                    },
                    {
                        "tabWidget": {
                            "selectedIndex": 0,
                            "controlWidth": 1916,
                            "controlHeight": 28,
                            "collapsed": false,
                            "controls": [
                                {
                                    "objectName": "CommandLine",
                                    "title": "Command Line",
                                    "uiScript": "global string $gCommandLineForm; formLayout $gCommandLineForm;",
                                    "retain": true,
                                    "loadImmediately": true,
                                    "checkPlugins": false,
                                    "tabDirection": 0,
                                    "closed": false,
                                    "widthProperty": "free",
                                    "heightProperty": "fixed",
                                    "controlWidth": 1916,
                                    "controlHeight": 28
                                }
                            ]
                        }
                    },
                    {
                        "tabWidget": {
                            "selectedIndex": 0,
                            "controlWidth": 1916,
                            "controlHeight": 20,
                            "collapsed": false,
                            "controls": [
                                {
                                    "objectName": "HelpLine",
                                    "title": "Help Line",
                                    "uiScript": "global string $gHelpLineForm; formLayout $gHelpLineForm;",
                                    "retain": true,
                                    "loadImmediately": true,
                                    "checkPlugins": false,
                                    "tabDirection": 0,
                                    "closed": false,
                                    "widthProperty": "free",
                                    "heightProperty": "fixed",
                                    "controlWidth": 1916,
                                    "controlHeight": 20
                                }
                            ]
                        }
                    }
                ]
            }
        }
    ],
    "closedControls": [
        {
            "objectName": "polySelectionConstraintPanel1Window",
            "posX": 250,
            "posY": 200,
            "controlHeight": 456,
            "controlWidth": 632,
            "widthProperty": "free",
            "heightProperty": "free"
        },
        {
            "objectName": "MayaLightEditorWindowWorkspaceControl",
            "posX": 373,
            "posY": 365,
            "controlHeight": 600,
            "controlWidth": 591,
            "widthProperty": "preferred",
            "heightProperty": "free"
        },
        {
            "objectName": "unifiedRenderGlobalsWindow",
            "posX": 880,
            "posY": 169,
            "controlHeight": 824,
            "controlWidth": 683,
            "widthProperty": "free",
            "heightProperty": "free"
        },
        {
            "objectName": "graphEditor1Window",
            "posX": -38,
            "posY": 583,
            "controlHeight": 264,
            "controlWidth": 697,
            "widthProperty": "free",
            "heightProperty": "free"
        },
        {
            "objectName": "renderViewWindow",
            "posX": -174,
            "posY": 143,
            "controlHeight": 1177,
            "controlWidth": 1920,
            "widthProperty": "free",
            "heightProperty": "free"
        },
        {
            "objectName": "scriptEditorPanel1Window",
            "posX": 639,
            "posY": 243,
            "controlHeight": 771,
            "controlWidth": 918,
            "widthProperty": "free",
            "heightProperty": "free"
        },
        {
            "objectName": "componentEditorPanel1Window",
            "posX": 216,
            "posY": 213,
            "controlHeight": 567,
            "controlWidth": 882,
            "widthProperty": "free",
            "heightProperty": "free"
        },
        {
            "objectName": "nodeEditorPanel1Window",
            "posX": 440,
            "posY": 523,
            "controlHeight": 824,
            "controlWidth": 1036,
            "widthProperty": "free",
            "heightProperty": "free"
        },
        {
            "objectName": "hyperShadePanel1Window",
            "posX": -427,
            "posY": 766,
            "controlHeight": 779,
            "controlWidth": 1418,
            "widthProperty": "free",
            "heightProperty": "free"
        },
        {
            "objectName": "SSEwindow",
            "posX": -11,
            "posY": 355,
            "controlHeight": 754,
            "controlWidth": 1311,
            "widthProperty": "free",
            "heightProperty": "free"
        },
        {
            "objectName": "MayaRenderSetupWindowWorkspaceControl",
            "posX": 657,
            "posY": 346,
            "controlHeight": 600,
            "controlWidth": 327,
            "widthProperty": "preferred",
            "heightProperty": "free"
        },
        {
            "objectName": "UVToolkitDockControl",
            "posX": 360,
            "posY": 912,
            "controlHeight": 550,
            "controlWidth": 285,
            "widthProperty": "preferred",
            "heightProperty": "free"
        },
        {
            "objectName": "theRedshiftRenderView",
            "posX": 182,
            "posY": 116,
            "controlHeight": 897,
            "controlWidth": 1552,
            "widthProperty": "free",
            "heightProperty": "free"
        },
        {
            "objectName": "referenceEditorPanel1Window",
            "posX": 583,
            "posY": 837,
            "controlHeight": 534,
            "controlWidth": 669,
            "widthProperty": "free",
            "heightProperty": "free"
        },
        {
            "objectName": "polyTexturePlacementPanel1Window",
            "posX": 189,
            "posY": 180,
            "controlHeight": 824,
            "controlWidth": 654,
            "widthProperty": "free",
            "heightProperty": "free"
        }
    ]
}