{
    "linkedMenu": "modelingMenuSet",
    "linkedHotkey": "Maya_Shawn",
    "autoSave": true,
    "selectedShelf": "Custom",
    "panels": [
        {
            "mainWindowPanel": true,
            "splitter": {
                "orientation": "vertical",
                "children": [
                    {
                        "tabWidget": {
                            "selectedIndex": 0,
                            "controlWidth": 1916,
                            "controlHeight": 23,
                            "collapsed": false,
                            "controls": [
                                {
                                    "objectName": "StatusLine",
                                    "title": "Status Line",
                                    "uiScript": "global string $gStatusLineForm; formLayout $gStatusLineForm;",
                                    "retain": true,
                                    "loadImmediately": true,
                                    "checkPlugins": false,
                                    "tabDirection": 0,
                                    "closed": false,
                                    "widthProperty": "free",
                                    "heightProperty": "fixed",
                                    "controlWidth": 1916,
                                    "controlHeight": 23
                                }
                            ]
                        }
                    },
                    {
                        "tabWidget": {
                            "selectedIndex": 0,
                            "controlWidth": 1916,
                            "controlHeight": 64,
                            "collapsed": false,
                            "controls": [
                                {
                                    "objectName": "Shelf",
                                    "title": "Shelf",
                                    "uiScript": "global string $gShelfForm; formLayout $gShelfForm;",
                                    "retain": true,
                                    "loadImmediately": true,
                                    "checkPlugins": false,
                                    "tabDirection": 0,
                                    "closed": false,
                                    "widthProperty": "free",
                                    "heightProperty": "fixed",
                                    "controlWidth": 1916,
                                    "controlHeight": 64,
                                    "initCallback": "shelfInitCallback"
                                }
                            ]
                        }
                    },
                    {
                        "splitter": {
                            "orientation": "horizontal",
                            "children": [
                                {
                                    "tabWidget": {
                                        "selectedIndex": 0,
                                        "controlWidth": 40,
                                        "controlHeight": 912,
                                        "collapsed": false,
                                        "controls": [
                                            {
                                                "objectName": "ToolBox",
                                                "title": "Tool Box",
                                                "uiScript": "global string $gToolboxForm; formLayout $gToolboxForm;",
                                                "retain": true,
                                                "loadImmediately": true,
                                                "checkPlugins": false,
                                                "tabDirection": 0,
                                                "closed": false,
                                                "widthProperty": "fixed",
                                                "heightProperty": "free",
                                                "controlWidth": 40,
                                                "controlHeight": 912
                                            }
                                        ]
                                    }
                                },
                                {
                                    "tabWidget": {
                                        "selectedIndex": 0,
                                        "controlWidth": 254,
                                        "controlHeight": 895,
                                        "controls": [
                                            {
                                                "objectName": "OxHairStackDialogContainer",
                                                "title": "Ornatrix Operators Stack",
                                                "uiScript": "OxShowHairStackDialog -ui",
                                                "retain": false,
                                                "loadImmediately": false,
                                                "checkPlugins": false,
                                                "tabDirection": 0,
                                                "closed": true,
                                                "widthProperty": "free",
                                                "heightProperty": "free",
                                                "controlWidth": 254,
                                                "controlHeight": 895,
                                                "requiredPlugins": [
                                                    "Ornatrix"
                                                ]
                                            }
                                        ]
                                    }
                                },
                                {
                                    "tabWidget": {
                                        "selectedIndex": 0,
                                        "controlWidth": 282,
                                        "controlHeight": 775,
                                        "controls": [
                                            {
                                                "objectName": "hikCharacterControlsDock",
                                                "title": "Human IK",
                                                "uiScript": "hikBuildCharacterControlsDockableWindow();",
                                                "retain": false,
                                                "loadImmediately": true,
                                                "checkPlugins": false,
                                                "tabDirection": 0,
                                                "closed": true,
                                                "widthProperty": "free",
                                                "heightProperty": "free",
                                                "controlWidth": 282,
                                                "controlHeight": 775,
                                                "requiredPlugins": [
                                                    "mayaHIK",
                                                    "mayaCharacterization"
                                                ]
                                            }
                                        ]
                                    }
                                },
                                {
                                    "tabWidget": {
                                        "selectedIndex": 0,
                                        "controlWidth": 260,
                                        "controlHeight": 895,
                                        "collapsed": false,
                                        "controls": [
                                            {
                                                "objectName": "Outliner",
                                                "title": "Outliner",
                                                "uiScript": "outlinerPanel -menuBarVisible true -label panelLabel Outliner",
                                                "retain": true,
                                                "loadImmediately": true,
                                                "checkPlugins": false,
                                                "tabDirection": 0,
                                                "closed": false,
                                                "widthProperty": "preferred",
                                                "heightProperty": "free",
                                                "controlWidth": 260,
                                                "controlHeight": 895,
                                                "initCallback": "outlinerStateCallback",
                                                "stateString": "outlinerEditor -e -showShapes 0 -showAssignedMaterials 0 -showTimeEditor 1 -showReferenceNodes 0 -showReferenceMembers 0 -showAttributes 0 -showConnected 0 -showAnimCurvesOnly 0 -showMuteInfo 0 -organizeByLayer 1 -organizeByClip 1 -showAnimLayerWeight 1 -autoExpandLayers 1 -autoExpand 0 -showDagOnly 1 -showAssets 1 -showContainedOnly 1 -showPublishedAsConnected 0 -showParentContainers 0 -showContainerContents 1 -ignoreDagHierarchy 0 -expandConnections 0 -showUpstreamCurves 1 -showUnitlessCurves 1 -showCompounds 1 -showLeafs 1 -showNumericAttrsOnly 0 -highlightActive 1 -autoSelectNewObjects 0 -doNotSelectNewObjects 0 -dropIsParent 1 -transmitFilters 0 -setFilter \"defaultSetFilter\" -showSetMembers 1 -allowMultiSelection 1 -alwaysToggleSelect 0 -directSelect 0 -isSet 0 -isSetMember 0 -displayMode \"DAG\" -expandObjects 0 -setsIgnoreFilters 1 -containersIgnoreFilters 0 -editAttrName 0 -showAttrValues 0 -highlightSecondary 0 -showUVAttrsOnly 0 -showTextureNodesOnly 0 -attrAlphaOrder \"default\" -animLayerFilterOptions \"allAffecting\" -sortOrder \"none\" -longNames 0 -niceNames 1 -showNamespace 1 -showPinIcons 0 -mapMotionTrails 0 -ignoreHiddenAttribute 0 -ignoreOutlinerColor 0 -renderFilterVisible 0 -renderFilterIndex 0 -selectionOrder \"chronological\" -expandAttribute 0 $editorName"
                                            },
                                            {
                                                "objectName": "ToolSettings",
                                                "title": "Tool Settings",
                                                "uiScript": "global string $gToolSettingsForm; formLayout $gToolSettingsForm;",
                                                "retain": true,
                                                "loadImmediately": true,
                                                "checkPlugins": false,
                                                "tabDirection": 0,
                                                "closed": false,
                                                "widthProperty": "preferred",
                                                "heightProperty": "free",
                                                "controlWidth": 460,
                                                "controlHeight": 895
                                            }
                                        ]
                                    }
                                },
                                {
                                    "splitter": {
                                        "orientation": "vertical",
                                        "children": [
                                            {
                                                "tabWidget": {
                                                    "selectedIndex": 0,
                                                    "controlWidth": 1321,
                                                    "controlHeight": 665,
                                                    "collapsed": false,
                                                    "controls": [
                                                        {
                                                            "objectName": "MainPane",
                                                            "title": "viewPanes",
                                                            "uiScript": "global string $gMainPane; paneLayout -nbg 0 $gMainPane;",
                                                            "retain": true,
                                                            "loadImmediately": true,
                                                            "checkPlugins": false,
                                                            "tabDirection": 0,
                                                            "closed": false,
                                                            "widthProperty": "free",
                                                            "heightProperty": "free",
                                                            "controlWidth": 1321,
                                                            "controlHeight": 665,
                                                            "initCallback": "mainPaneStateCallback",
                                                            "stateString": "global string $gMainPane; paneLayout -edit -configuration single $gMainPane;if(`modelPanel -exists modelPanel4`){ modelPanel -edit -parent $gMainPane modelPanel4; paneLayout -edit -setPane modelPanel4 1 $gMainPane;}"
                                                        }
                                                    ]
                                                }
                                            },
                                            {
                                                "tabWidget": {
                                                    "selectedIndex": 0,
                                                    "controlWidth": 1321,
                                                    "controlHeight": 224,
                                                    "collapsed": false,
                                                    "controls": [
                                                        {
                                                            "objectName": "graphEditor1Window",
                                                            "title": "Graph Editor",
                                                            "uiScript": "if(!`panel -q -exists graphEditor1`) {\n\tint $menusOkayInPanels = `optionVar -q allowMenusInPanels`;\n\tstring $panelName = \"graphEditor1\";\n\tscriptedPanel -unParent  -type \"graphEditor\" -l (localizedPanelLabel(\"Graph Editor\")) -mbv $menusOkayInPanels  graphEditor1;\n\n\t\t\t$editorName = ($panelName+\"OutlineEd\");\n            outlinerEditor -e \n                -showShapes 1\n                -showAssignedMaterials 0\n                -showTimeEditor 1\n                -showReferenceNodes 0\n                -showReferenceMembers 0\n                -showAttributes 1\n                -showConnected 1\n                -showAnimCurvesOnly 1\n                -showMuteInfo 0\n                -organizeByLayer 1\n                -organizeByClip 1\n                -showAnimLayerWeight 1\n                -autoExpandLayers 1\n                -autoExpand 1\n                -showDagOnly 0\n                -showAssets 1\n                -showContainedOnly 0\n                -showPublishedAsConnected 0\n                -showParentContainers 1\n                -showContainerContents 0\n                -ignoreDagHierarchy 0\n                -expandConnections 1\n                -showUpstreamCurves 1\n                -showUnitlessCurves 1\n                -showCompounds 0\n                -showLeafs 1\n                -showNumericAttrsOnly 1\n                -highlightActive 0\n                -autoSelectNewObjects 1\n                -doNotSelectNewObjects 0\n                -dropIsParent 1\n                -transmitFilters 1\n                -setFilter \"0\" \n                -showSetMembers 0\n                -allowMultiSelection 1\n                -alwaysToggleSelect 0\n                -directSelect 0\n                -displayMode \"DAG\" \n                -expandObjects 0\n                -setsIgnoreFilters 1\n                -containersIgnoreFilters 0\n                -editAttrName 0\n                -showAttrValues 0\n                -highlightSecondary 0\n                -showUVAttrsOnly 0\n                -showTextureNodesOnly 0\n                -attrAlphaOrder \"default\" \n                -animLayerFilterOptions \"allAffecting\" \n                -sortOrder \"none\" \n                -longNames 0\n                -niceNames 1\n                -showNamespace 1\n                -showPinIcons 1\n                -mapMotionTrails 1\n                -ignoreHiddenAttribute 0\n                -ignoreOutlinerColor 0\n                -renderFilterVisible 0\n                $editorName;\n\n\t\t\t$editorName = ($panelName+\"GraphEd\");\n            animCurveEditor -e \n                -displayKeys 1\n                -displayTangents 0\n                -displayActiveKeys 0\n                -displayActiveKeyTangents 1\n                -displayInfinities 0\n                -displayValues 0\n                -autoFit 1\n                -snapTime \"integer\" \n                -snapValue \"none\" \n                -showResults \"off\" \n                -showBufferCurves \"off\" \n                -smoothness \"fine\" \n                -resultSamples 1\n                -resultScreenSamples 0\n                -resultUpdate \"delayed\" \n                -showUpstreamCurves 1\n                -showCurveNames 0\n                -showActiveCurveNames 0\n                -stackedCurves 0\n                -stackedCurvesMin -1\n                -stackedCurvesMax 1\n                -stackedCurvesSpace 0.2\n                -displayNormalized 0\n                -preSelectionHighlight 0\n                -constrainDrag 0\n                -classicMode 1\n                -valueLinesToggle 0\n                $editorName;\n} else {\n\tscriptedPanel -e -unParent graphEditor1;\n}\nscriptedPanel -e -parent graphEditor1Window graphEditor1;\n",
                                                            "retain": false,
                                                            "loadImmediately": false,
                                                            "checkPlugins": false,
                                                            "tabDirection": 0,
                                                            "closed": false,
                                                            "widthProperty": "free",
                                                            "heightProperty": "free",
                                                            "controlWidth": 1321,
                                                            "controlHeight": 224
                                                        }
                                                    ]
                                                }
                                            }
                                        ]
                                    }
                                },
                                {
                                    "tabWidget": {
                                        "selectedIndex": 1,
                                        "controlWidth": 262,
                                        "controlHeight": 912,
                                        "collapsed": false,
                                        "controls": [
                                            {
                                                "objectName": "ChannelBoxLayerEditor",
                                                "title": "Channel Box / Layer Editor",
                                                "uiScript": "global string $gChannelsLayersForm; formLayout $gChannelsLayersForm;",
                                                "retain": true,
                                                "loadImmediately": true,
                                                "checkPlugins": false,
                                                "tabDirection": 3,
                                                "closed": false,
                                                "widthProperty": "preferred",
                                                "heightProperty": "free",
                                                "controlWidth": 284,
                                                "controlHeight": 912
                                            },
                                            {
                                                "objectName": "NEXDockControl",
                                                "title": "Modeling Toolkit",
                                                "uiScript": "dR_createNEXDockControl();",
                                                "retain": true,
                                                "loadImmediately": true,
                                                "checkPlugins": false,
                                                "tabDirection": 3,
                                                "closed": false,
                                                "widthProperty": "preferred",
                                                "heightProperty": "free",
                                                "controlWidth": 262,
                                                "controlHeight": 912,
                                                "requiredPlugins": [
                                                    "modelingToolkit"
                                                ]
                                            },
                                            {
                                                "objectName": "AttributeEditor",
                                                "title": "Attribute Editor",
                                                "uiScript": "global string $gAttributeEditorForm; formLayout $gAttributeEditorForm;",
                                                "retain": true,
                                                "loadImmediately": true,
                                                "checkPlugins": false,
                                                "tabDirection": 3,
                                                "closed": false,
                                                "widthProperty": "preferred",
                                                "heightProperty": "free",
                                                "controlWidth": 460,
                                                "controlHeight": 912
                                            },
                                            {
                                                "objectName": "SHAPESWorkspaceControl",
                                                "title": "SHAPES",
                                                "uiScript": "shapesUI_buildUI SHAPESWorkspaceControl",
                                                "retain": false,
                                                "loadImmediately": false,
                                                "checkPlugins": false,
                                                "tabDirection": 3,
                                                "closed": true,
                                                "widthProperty": "free",
                                                "heightProperty": "free",
                                                "controlWidth": 423,
                                                "controlHeight": 792,
                                                "requiredPlugins": [
                                                    "SHAPESTools"
                                                ]
                                            },
                                            {
                                                "objectName": "XGenDockableWidget",
                                                "title": "XGen",
                                                "uiScript": "python(\"import maya.cmds as xguibootstrap\\nif not xguibootstrap.pluginInfo('xgenToolkit', q=True, loaded=True):\\n    xguibootstrap.loadPlugin('xgenToolkit')\\ndel xguibootstrap\\nxgui.createDockControl()\");",
                                                "retain": false,
                                                "loadImmediately": false,
                                                "checkPlugins": false,
                                                "tabDirection": 0,
                                                "closed": true,
                                                "widthProperty": "free",
                                                "heightProperty": "free",
                                                "controlWidth": 535,
                                                "controlHeight": 910,
                                                "requiredPlugins": [
                                                    "xgenToolkit"
                                                ]
                                            }
                                        ]
                                    }
                                }
                            ]
                        }
                    },
                    {
                        "tabWidget": {
                            "selectedIndex": 0,
                            "controlWidth": 1916,
                            "controlHeight": 32,
                            "collapsed": false,
                            "controls": [
                                {
                                    "objectName": "TimeSlider",
                                    "title": "Time Slider",
                                    "uiScript": "global string $gTimeSliderForm; formLayout $gTimeSliderForm;",
                                    "retain": true,
                                    "loadImmediately": true,
                                    "checkPlugins": false,
                                    "tabDirection": 0,
                                    "closed": false,
                                    "widthProperty": "free",
                                    "heightProperty": "fixed",
                                    "controlWidth": 1916,
                                    "controlHeight": 32
                                }
                            ]
                        }
                    },
                    {
                        "tabWidget": {
                            "selectedIndex": 0,
                            "controlWidth": 1916,
                            "controlHeight": 31,
                            "collapsed": false,
                            "controls": [
                                {
                                    "objectName": "RangeSlider",
                                    "title": "Range Slider",
                                    "uiScript": "global string $gPlaybackRangeForm; formLayout $gPlaybackRangeForm;",
                                    "retain": true,
                                    "loadImmediately": true,
                                    "checkPlugins": false,
                                    "tabDirection": 0,
                                    "closed": false,
                                    "widthProperty": "free",
                                    "heightProperty": "fixed",
                                    "controlWidth": 1916,
                                    "controlHeight": 31
                                }
                            ]
                        }
                    },
                    {
                        "tabWidget": {
                            "selectedIndex": 0,
                            "controlWidth": 1916,
                            "controlHeight": 28,
                            "collapsed": false,
                            "controls": [
                                {
                                    "objectName": "CommandLine",
                                    "title": "Command Line",
                                    "uiScript": "global string $gCommandLineForm; formLayout $gCommandLineForm;",
                                    "retain": true,
                                    "loadImmediately": true,
                                    "checkPlugins": false,
                                    "tabDirection": 0,
                                    "closed": false,
                                    "widthProperty": "free",
                                    "heightProperty": "fixed",
                                    "controlWidth": 1916,
                                    "controlHeight": 28
                                }
                            ]
                        }
                    },
                    {
                        "tabWidget": {
                            "selectedIndex": 0,
                            "controlWidth": 1916,
                            "controlHeight": 20,
                            "collapsed": false,
                            "controls": [
                                {
                                    "objectName": "HelpLine",
                                    "title": "Help Line",
                                    "uiScript": "global string $gHelpLineForm; formLayout $gHelpLineForm;",
                                    "retain": true,
                                    "loadImmediately": true,
                                    "checkPlugins": false,
                                    "tabDirection": 0,
                                    "closed": false,
                                    "widthProperty": "free",
                                    "heightProperty": "fixed",
                                    "controlWidth": 1916,
                                    "controlHeight": 20
                                }
                            ]
                        }
                    }
                ]
            }
        }
    ],
    "closedControls": [
        {
            "objectName": "componentEditorPanel1Window",
            "posX": 455,
            "posY": 289,
            "controlHeight": 628,
            "controlWidth": 841,
            "widthProperty": "free",
            "heightProperty": "free"
        },
        {
            "objectName": "UVToolkitDockControl",
            "posX": 30,
            "posY": 324,
            "controlHeight": 641,
            "controlWidth": 287,
            "widthProperty": "preferred",
            "heightProperty": "free"
        },
        {
            "objectName": "polyTexturePlacementPanel1Window",
            "posX": 532,
            "posY": 323,
            "controlHeight": 641,
            "controlWidth": 764,
            "widthProperty": "free",
            "heightProperty": "free"
        },
        {
            "objectName": "shapePanel1Window",
            "posX": 51,
            "posY": 453,
            "controlHeight": 400,
            "controlWidth": 681,
            "widthProperty": "free",
            "heightProperty": "free"
        },
        {
            "objectName": "posePanel1Window",
            "posX": 200,
            "posY": 250,
            "controlHeight": 500,
            "controlWidth": 900,
            "widthProperty": "free",
            "heightProperty": "free"
        },
        {
            "objectName": "renderViewWindow",
            "posX": 100,
            "posY": 78,
            "controlHeight": 986,
            "controlWidth": 1920,
            "widthProperty": "free",
            "heightProperty": "free"
        },
        {
            "objectName": "MayaLightEditorWindowWorkspaceControl",
            "posX": 250,
            "posY": 200,
            "controlHeight": 597,
            "controlWidth": 599,
            "widthProperty": "preferred",
            "heightProperty": "free"
        },
        {
            "objectName": "MayaRenderSetupWindowWorkspaceControl",
            "posX": 474,
            "posY": 446,
            "controlHeight": 600,
            "controlWidth": 440,
            "widthProperty": "preferred",
            "heightProperty": "free"
        },
        {
            "objectName": "shapePanel2Window",
            "posX": 104,
            "posY": 284,
            "controlHeight": 631,
            "controlWidth": 557,
            "widthProperty": "free",
            "heightProperty": "free"
        },
        {
            "objectName": "scriptEditorPanel1Window",
            "posX": -180,
            "posY": 322,
            "controlHeight": 729,
            "controlWidth": 985,
            "widthProperty": "free",
            "heightProperty": "free"
        },
        {
            "objectName": "shapePanel3Window",
            "posX": 208,
            "posY": 548,
            "controlHeight": 517,
            "controlWidth": 475,
            "widthProperty": "free",
            "heightProperty": "free"
        },
        {
            "objectName": "visorPanel1Window",
            "posX": 210,
            "posY": 551,
            "controlHeight": 325,
            "controlWidth": 475,
            "widthProperty": "free",
            "heightProperty": "free"
        },
        {
            "objectName": "polySelectionConstraintPanel1Window",
            "posX": 182,
            "posY": 201,
            "controlHeight": 456,
            "controlWidth": 632,
            "widthProperty": "free",
            "heightProperty": "free"
        },
        {
            "objectName": "nodeEditorPanel1Window",
            "posX": -89,
            "posY": 360,
            "controlHeight": 515,
            "controlWidth": 1111,
            "widthProperty": "free",
            "heightProperty": "free"
        },
        {
            "objectName": "outlinerPanel2Window",
            "posX": 250,
            "posY": 200,
            "controlHeight": 796,
            "controlWidth": 215,
            "widthProperty": "free",
            "heightProperty": "free"
        },
        {
            "objectName": "clipEditorPanel1Window",
            "posX": 736,
            "posY": 535,
            "controlHeight": 400,
            "controlWidth": 948,
            "widthProperty": "free",
            "heightProperty": "free"
        },
        {
            "objectName": "relationshipPanel1Window",
            "posX": 145,
            "posY": 192,
            "controlHeight": 577,
            "controlWidth": 559,
            "widthProperty": "free",
            "heightProperty": "free"
        },
        {
            "objectName": "modelPanel8Window",
            "posX": 409,
            "posY": 634,
            "controlHeight": 717,
            "controlWidth": 475,
            "widthProperty": "free",
            "heightProperty": "free"
        },
        {
            "objectName": "dynRelEdPanel1Window",
            "posX": 250,
            "posY": 200,
            "controlHeight": 329,
            "controlWidth": 490,
            "widthProperty": "free",
            "heightProperty": "free"
        },
        {
            "objectName": "SSEwindow",
            "posX": 250,
            "posY": 200,
            "controlHeight": 145,
            "controlWidth": 329,
            "widthProperty": "free",
            "heightProperty": "free"
        },
        {
            "objectName": "contentBrowserPanel1Window",
            "posX": 230,
            "posY": 235,
            "controlHeight": 714,
            "controlWidth": 1434,
            "widthProperty": "free",
            "heightProperty": "free"
        },
        {
            "objectName": "referenceEditorPanel1Window",
            "posX": 1494,
            "posY": 276,
            "controlHeight": 595,
            "controlWidth": 515,
            "widthProperty": "free",
            "heightProperty": "free"
        },
        {
            "objectName": "theRedshiftRenderView",
            "posX": 167,
            "posY": 244,
            "controlHeight": 921,
            "controlWidth": 1620,
            "widthProperty": "free",
            "heightProperty": "free"
        },
        {
            "objectName": "hyperShadePanel1Window",
            "posX": 398,
            "posY": 264,
            "controlHeight": 845,
            "controlWidth": 1188,
            "widthProperty": "free",
            "heightProperty": "free"
        },
        {
            "objectName": "unifiedRenderGlobalsWindow",
            "posX": 1219,
            "posY": 146,
            "controlHeight": 877,
            "controlWidth": 505,
            "widthProperty": "free",
            "heightProperty": "free"
        }
    ],
    "contentBrowserContexts": [
        {
            "name": "WindowsMenuContentBrowserContext",
            "value": [
                "examples",
                "Examples/Modeling/Sculpting Base Meshes/Bipeds"
            ],
            "PanelsStatus": [
                1,
                1,
                1,
                1,
                1,
                1,
                1
            ],
            "ThumbnailSize": 1
        },
        {
            "name": "NoContextContentBrowserContext",
            "value": [
                "examples",
                "MASH Examples"
            ],
            "PanelsStatus": [
                1,
                1,
                1,
                1,
                1,
                1,
                1
            ],
            "ThumbnailSize": 1
        }
    ]
}